Name,TreeID
Alder-son Carr,201
Aleesa Kit-tree,55
Alissa Boguslog,49
Am-Bur Shaw,36
Amy Cherry,65
An-tree-nio Spikes,208
Angela Ziskows-tree,44
Angie Dvor-oak,165
Baobob Drexler,209
Baobob Marrs,130
Bark Falk,187
Ben Tree-hak,58
Bethany Treenan,42
Brett Wal-nut-gast,66
Brit-tree Miller,61
Cacao Bragatto,9
Cass-tree Cozine,12
Cathy Mulberry,318
Chantel Olive-sen,317
Cherry Pettibone,168
Cherry Stephenson,70
Chestnut Lensing,64
Chris-mas Tree Stead,137
Christo-fir Hatchell,99
Citrus-pher Johnson,115
Claire Treetop-per,198
Cooper Jacks Pine,266
Dana Bekebred-tree,141
Danny Yews,106
David Hayes-zelnut,131
Dennis Bark-nett,121
Derek Buckeye-loo,195
Drew West-birch,40
Elaine Cedar Rydze,249
Ellen Leaf,6
Emily Banyan,206
Fir-devs Duru,144
Gavin Moss,10
Geoff Chapplane,124
Hannah Tree-ner,3
Harleaf Hansen,169
Heide Birch,149
Hickory Slack,174
Hongbo Tree,175
Ivy Maple-son,193
Jane Nest-mith,86
Jaylah Redbud-Coleman,180
Jeff Hoofir,28
Jeff Schul-tree,171
Jen Fir-guson,35
Jermaine Fir-guson,253
Jesse Pawpaw,146
Jo-Tree Chadima,161
John Shademov,98
Jonathan White-oak,51
Joshua-tree Conte ('23),285
Joshua Tree Christensen,57
Joshua Tree Langseth,123
Joyce Jacaranda,96
K-ash-y Welsh,107
Ka-tree Campbell,221
Karla Maria Steff-elms,116
Kate Aspen-gren,41
Keniese Evergreen,233
Laissa Rodtreeguez,39
LaShunda Mc-Garland,117
Laurel Hayes,177
Laurel Riskedahl,183
Lauren Garcia Pastor-oak,283
Lexie White-oak,192
Limb Lanegran,32
Lisa Bark-nett,52
Lisa Stros-pine,263
Lisa Tree-ha,299
Luke Olive-good,67
Marcus Pow-elm,185
Marie Pear,111
Mario Affa-tree-gato,139
Marita Wal-nut-gast,62
Marney Willow-son,172
Meira Kensktree,29
Melanie Ostm-oak,284
Michelle McIl-leaf,167
Michelle Um-bark-er Mackey,186
Mike Leonard-oak,16
Myrtle St. Clair,108
Myrtle TreeMay,8
Nanc-tree Young,75
Nata-Linden Thede ('23),129
Neal McNabbapple,53
Niall Peach Tree,95
O-leaf-ia Pendleton,234
Oluwadamilola Oak-payemi,196
Pam Stump-fer,162
Rick Acorn,47
Russell Palm-y,267
Ryan Baran-oak-ski,7
Sandy Branch-ard,182
Shady Rodgers,54
Shane Stick-ey,264
Sharon Guth-tree,68
Shawn Hawthorn-sen,170
Spencer Sprout,181
Sprout Kelly,5
Spruce Nesmith,89
Stephen Yews,56
Steve Shan-leaf,26
Steven Shel-tree,252
Susan Nor-elm,105
Tammie Woodnik,205
Tree-na Hausknecht,45
Tree-nan Willow-son,134
Tree Swenson Arnold,43
Ugur Acorn,101
Vanessa Cas-tree-llo,60
