TreeID,Name
201,Alder-son Carr
55,Aleesa Kit-tree
49,Alissa Boguslog
36,Am-Bur Shaw
65,Amy Cherry
208,An-tree-nio Spikes
44,Angela Ziskows-tree
165,Angie Dvor-oak
209,Baobob Drexler
130,Baobob Marrs
187,Bark Falk
58,Ben Tree-hak
42,Bethany Treenan
66,Brett Wal-nut-gast
61,Brit-tree Miller
9,Cacao Bragatto
12,Cass-tree Cozine
318,Cathy Mulberry
317,Chantel Olive-sen
168,Cherry Pettibone
70,Cherry Stephenson
64,Chestnut Lensing
137,Chris-mas Tree Stead
99,Christo-fir Hatchell
115,Citrus-pher Johnson
198,Claire Treetop-per
266,Cooper Jacks Pine
141,Dana Bekebred-tree
106,Danny Yews
131,David Hayes-zelnut
121,Dennis Bark-nett
195,Derek Buckeye-loo
40,Drew West-birch
249,Elaine Cedar Rydze
6,Ellen Leaf
206,Emily Banyan
144,Fir-devs Duru
10,Gavin Moss
124,Geoff Chapplane
3,Hannah Tree-ner
169,Harleaf Hansen
149,Heide Birch
174,Hickory Slack
175,Hongbo Tree
193,Ivy Maple-son
86,Jane Nest-mith
180,Jaylah Redbud-Coleman
28,Jeff Hoofir
171,Jeff Schul-tree
35,Jen Fir-guson
253,Jermaine Fir-guson
146,Jesse Pawpaw
161,Jo-Tree Chadima
98,John Shademov
51,Jonathan White-oak
285,Joshua-tree Conte ('23)
57,Joshua Tree Christensen
123,Joshua Tree Langseth
96,Joyce Jacaranda
107,K-ash-y Welsh
221,Ka-tree Campbell
116,Karla Maria Steff-elms
41,Kate Aspen-gren
233,Keniese Evergreen
39,Laissa Rodtreeguez
117,LaShunda Mc-Garland
177,Laurel Hayes
183,Laurel Riskedahl
283,Lauren Garcia Pastor-oak
192,Lexie White-oak
32,Limb Lanegran
52,Lisa Bark-nett
263,Lisa Stros-pine
299,Lisa Tree-ha
67,Luke Olive-good
185,Marcus Pow-elm
111,Marie Pear
139,Mario Affa-tree-gato
62,Marita Wal-nut-gast
172,Marney Willow-son
29,Meira Kensktree
284,Melanie Ostm-oak
167,Michelle McIl-leaf
186,Michelle Um-bark-er Mackey
16,Mike Leonard-oak
108,Myrtle St. Clair
8,Myrtle TreeMay
75,Nanc-tree Young
129,Nata-Linden Thede ('23)
53,Neal McNabbapple
95,Niall Peach Tree
234,O-leaf-ia Pendleton
196,Oluwadamilola Oak-payemi
162,Pam Stump-fer
47,Rick Acorn
267,Russell Palm-y
7,Ryan Baran-oak-ski
182,Sandy Branch-ard
54,Shady Rodgers
264,Shane Stick-ey
68,Sharon Guth-tree
170,Shawn Hawthorn-sen
181,Spencer Sprout
5,Sprout Kelly
89,Spruce Nesmith
56,Stephen Yews
26,Steve Shan-leaf
252,Steven Shel-tree
105,Susan Nor-elm
205,Tammie Woodnik
45,Tree-na Hausknecht
134,Tree-nan Willow-son
43,Tree Swenson Arnold
101,Ugur Acorn
60,Vanessa Cas-tree-llo
4,Toby Leaf-ster
17,Cecilia Tree-topf
